﻿<parameters>
  <parameter name="IIS Web Application Name" defaultValue="192.168.2.41" tags="IisApp">
    <parameterEntry kind="ProviderPath" scope="IisApp" match="^C:\\Users\\ADMIN\\Documents\\Visual\ Studio\ 2015\\Projects\\Dubravica\\Dubravica\\obj\\Release\\Package\\PackageTmp$" />
    <parameterEntry kind="ProviderPath" scope="setAcl" match="^C:\\Users\\ADMIN\\Documents\\Visual\ Studio\ 2015\\Projects\\Dubravica\\Dubravica\\obj\\Release\\Package\\PackageTmp$" />
  </parameter>
  <parameter name="Add write permission to App_Data Folder" description="Add write permission to App_Data folder" defaultValue="{IIS Web Application Name}/App_Data" tags="Hidden">
    <parameterEntry kind="ProviderPath" scope="setAcl" match="^C:\\Users\\ADMIN\\Documents\\Visual\ Studio\ 2015\\Projects\\Dubravica\\Dubravica\\obj\\Release\\Package\\PackageTmp\\App_Data$" />
  </parameter>
  <parameter name="DefaultConnection-Web.config Connection String" defaultValue="Data Source=MAREK-HP\SQL2016;Initial Catalog=C:\AKCE\ASPNET-MVCTutorial-20160422011939.MDF;Persist Security Info=True;User ID=sa;Password=Nordit0276">
    <parameterEntry kind="XmlFile" scope="C:\\Users\\ADMIN\\Documents\\Visual\ Studio\ 2015\\Projects\\Dubravica\\Dubravica\\obj\\Release\\Package\\PackageTmp\\Web\.config$" match="/configuration/connectionStrings/add[@name='DefaultConnection']/@connectionString" />
  </parameter>
  <parameter name="DubravicaConnectionString-Web.config Connection String" defaultValue="User Id=postgres;Password=Nordit0276;Host=192.168.2.12;Database=Dubravica;Persist Security Info=True">
    <parameterEntry kind="XmlFile" scope="C:\\Users\\ADMIN\\Documents\\Visual\ Studio\ 2015\\Projects\\Dubravica\\Dubravica\\obj\\Release\\Package\\PackageTmp\\Web\.config$" match="/configuration/connectionStrings/add[@name='DubravicaConnectionString']/@connectionString" />
  </parameter>
</parameters>